<annotation>
	<folder>dataset</folder>
	<filename>robo3.jpg</filename>
	<path>C:\Users\PREETHI R\Documents\Annotation-5-11\dataset\robo3.jpg</path>
	<source>
		<database>Unknown</database>
	</source>
	<size>
		<width>1280</width>
		<height>720</height>
		<depth>3</depth>
	</size>
	<segmented>0</segmented>
	<object>
		<name>robot</name>
		<pose>Unspecified</pose>
		<truncated>1</truncated>
		<difficult>0</difficult>
		<bndbox>
			<xmin>636</xmin>
			<ymin>1</ymin>
			<xmax>1132</xmax>
			<ymax>720</ymax>
		</bndbox>
	</object>
</annotation>
