<annotation>
	<folder>creative</folder>
	<filename>03ff040e8be8c576df829d325794f1d7.jpg</filename>
	<path>C:\Users\PREETHI R\Documents\creative\03ff040e8be8c576df829d325794f1d7.jpg</path>
	<source>
		<database>Unknown</database>
	</source>
	<size>
		<width>480</width>
		<height>640</height>
		<depth>3</depth>
	</size>
	<segmented>0</segmented>
	<object>
		<name>butterfly</name>
		<pose>Unspecified</pose>
		<truncated>1</truncated>
		<difficult>0</difficult>
		<bndbox>
			<xmin>61</xmin>
			<ymin>44</ymin>
			<xmax>480</xmax>
			<ymax>455</ymax>
		</bndbox>
	</object>
</annotation>
