<annotation>
	<folder>creative</folder>
	<filename>1.jpg</filename>
	<path>C:\Users\PREETHI R\Documents\creative\1.jpg</path>
	<source>
		<database>Unknown</database>
	</source>
	<size>
		<width>341</width>
		<height>255</height>
		<depth>3</depth>
	</size>
	<segmented>0</segmented>
	<object>
		<name>forest</name>
		<pose>Unspecified</pose>
		<truncated>1</truncated>
		<difficult>0</difficult>
		<bndbox>
			<xmin>1</xmin>
			<ymin>1</ymin>
			<xmax>233</xmax>
			<ymax>78</ymax>
		</bndbox>
	</object>
</annotation>
