<annotation>
	<folder>creative</folder>
	<filename>14c000c75f955cf0b102cbd8fcf7d8ff.jpg</filename>
	<path>C:\Users\PREETHI R\Documents\creative\14c000c75f955cf0b102cbd8fcf7d8ff.jpg</path>
	<source>
		<database>Unknown</database>
	</source>
	<size>
		<width>400</width>
		<height>400</height>
		<depth>3</depth>
	</size>
	<segmented>0</segmented>
	<object>
		<name>hanging-flowerpot</name>
		<pose>Unspecified</pose>
		<truncated>0</truncated>
		<difficult>0</difficult>
		<bndbox>
			<xmin>241</xmin>
			<ymin>29</ymin>
			<xmax>387</xmax>
			<ymax>175</ymax>
		</bndbox>
	</object>
</annotation>
