<annotation>
	<folder>creative</folder>
	<filename>3d-figures-great-clipart-for-presentations-www-presentermedia-com-t8R7sS-clipart.jpg</filename>
	<path>C:\Users\PREETHI R\Documents\creative\3d-figures-great-clipart-for-presentations-www-presentermedia-com-t8R7sS-clipart.jpg</path>
	<source>
		<database>Unknown</database>
	</source>
	<size>
		<width>400</width>
		<height>400</height>
		<depth>3</depth>
	</size>
	<segmented>0</segmented>
	<object>
		<name>animation</name>
		<pose>Unspecified</pose>
		<truncated>0</truncated>
		<difficult>0</difficult>
		<bndbox>
			<xmin>67</xmin>
			<ymin>7</ymin>
			<xmax>332</xmax>
			<ymax>340</ymax>
		</bndbox>
	</object>
</annotation>
