<annotation>
	<folder>creative</folder>
	<filename>3D-quilled-gift-box.jpg</filename>
	<path>C:\Users\PREETHI R\Documents\creative\3D-quilled-gift-box.jpg</path>
	<source>
		<database>Unknown</database>
	</source>
	<size>
		<width>1600</width>
		<height>1200</height>
		<depth>3</depth>
	</size>
	<segmented>0</segmented>
	<object>
		<name>decorative</name>
		<pose>Unspecified</pose>
		<truncated>0</truncated>
		<difficult>0</difficult>
		<bndbox>
			<xmin>73</xmin>
			<ymin>203</ymin>
			<xmax>1436</xmax>
			<ymax>1003</ymax>
		</bndbox>
	</object>
</annotation>
