<annotation>
	<folder>creative</folder>
	<filename>9b00db1a2a27de73271c678fed22db78.jpg</filename>
	<path>C:\Users\PREETHI R\Documents\creative\9b00db1a2a27de73271c678fed22db78.jpg</path>
	<source>
		<database>Unknown</database>
	</source>
	<size>
		<width>1878</width>
		<height>2432</height>
		<depth>3</depth>
	</size>
	<segmented>0</segmented>
	<object>
		<name>peacock</name>
		<pose>Unspecified</pose>
		<truncated>1</truncated>
		<difficult>0</difficult>
		<bndbox>
			<xmin>288</xmin>
			<ymin>75</ymin>
			<xmax>1655</xmax>
			<ymax>2432</ymax>
		</bndbox>
	</object>
</annotation>
