<annotation>
	<folder>creative</folder>
	<filename>9b27035840516c75530ce1f60a4af441.jpg</filename>
	<path>C:\Users\PREETHI R\Documents\creative\9b27035840516c75530ce1f60a4af441.jpg</path>
	<source>
		<database>Unknown</database>
	</source>
	<size>
		<width>450</width>
		<height>600</height>
		<depth>3</depth>
	</size>
	<segmented>0</segmented>
	<object>
		<name>bird</name>
		<pose>Unspecified</pose>
		<truncated>0</truncated>
		<difficult>0</difficult>
		<bndbox>
			<xmin>222</xmin>
			<ymin>204</ymin>
			<xmax>380</xmax>
			<ymax>343</ymax>
		</bndbox>
	</object>
</annotation>
