<annotation>
	<folder>dataset</folder>
	<filename>robo1.jpg</filename>
	<path>C:\Users\PREETHI R\Documents\Annotation-5-11\dataset\robo1.jpg</path>
	<source>
		<database>Unknown</database>
	</source>
	<size>
		<width>1000</width>
		<height>667</height>
		<depth>3</depth>
	</size>
	<segmented>0</segmented>
	<object>
		<name>robot</name>
		<pose>Unspecified</pose>
		<truncated>1</truncated>
		<difficult>0</difficult>
		<bndbox>
			<xmin>312</xmin>
			<ymin>84</ymin>
			<xmax>917</xmax>
			<ymax>667</ymax>
		</bndbox>
	</object>
</annotation>
